[
  {
    "title": "Mudança bomba: Trump anuncia nova era para a memecoin $TRUMP",
    "excerpt": "Trump anuncia mudanças na memecoin $TRUMP, amplia liquidez, cria fundo milionário e lança estúdio de jogos para fortalecer o ecossistema.",
    "content": "Mudança bomba: Trump anuncia nova era para a memecoin $TRUMP\nDonald Trump anunciou mudanças importantes em sua memecoin $TRUMP, marcando uma nova etapa de desenvolvimento para o projeto. A equipe do token confirmou que a iniciativa busca ampliar a liquidez, fortalecer o ecossistema e criar mecanismos de valor mais estáveis para o longo prazo.\n\nO anúncio redesenha a estratégia do ativo e reforça o papel da comunidade na construção do projeto.\n\nLiquidez e novos programas de rendimento\nO time responsável afirmou que o token entra agora em uma fase voltada para profundidade de liquidez, expansão operacional e gestão mais rígida do inventário. Três frentes passam a orientar o crescimento do ecossistema.\n\nA primeira envolve novos programas de rendimento e liquidez, pensados para atrair usuários e dar mais estabilidade às operações on-chain.\n\nDetentores de $TRUMP poderão utilizar cofres da Kamino para receber recompensas tanto em stablecoins quanto no próprio token. A iniciativa inclui até US$ 10 milhões em incentivos, destinados a melhorar a liquidez descentralizada e aumentar o engajamento no ecossistema.\n\nAlém disso, as mudanças permitirão ajustes estratégicos na alocação de recursos e maior eficiência dos pools em DEX ao longo do tempo.\n\nEntrada de market makers institucionais\nA segunda frente envolve a entrada de market makers institucionais.\n\nEsses agentes profissionais atuarão em corretoras centralizadas e descentralizadas com o objetivo de melhorar a descoberta de preços e reduzir a volatilidade. A proposta é garantir um ambiente mais confiável para execução de ordens e spreads mais eficientes — uma demanda recorrente da comunidade desde os primeiros picos de volume.\n\nGestão estratégica e $TRUMP Fund\nA terceira linha de ação trata da gestão estratégica do inventário e dos investimentos do ecossistema.\n\nO token segue um cronograma público de desbloqueio disponível no site oficial. Nos próximos meses, menos de 5% da oferta total poderá ser utilizada de forma seletiva — seja para venda, distribuição ou monetização — com foco no financiamento de novas iniciativas e reorganização de ativos vinculados ao mint original.\n\nEntre as ações previstas está o lançamento do $TRUMP Fund, com potencial de movimentar até US$ 3,5 milhões.\n\nO fundo pretende apoiar empresas em estágio inicial com aportes entre US$ 50 mil e US$ 250 mil. O plano também inclui novas parcerias estratégicas, possíveis aquisições e eventual venda de ativos considerados oportunos.\n\nExpansão para entretenimento e Web3\nOutro destaque é o investimento em entretenimento e jogos, liderado pelo recém-criado $TRUMP Game Studio.\n\nO primeiro lançamento será o “TRUMP Billionaires Club”, um jogo planejado para plataformas móveis e Web3, ampliando a presença do token em produtos digitais interativos.\n\nUma tentativa de estruturar o ecossistema\nAs mudanças representam uma tentativa clara de organizar o ecossistema e alinhar incentivos entre usuários e desenvolvedores.\n\nEmbora o setor de memecoins costume enfrentar ciclos bruscos, o projeto aposta em medidas estruturais para construir valor de forma gradual, buscando mais estabilidade, governança transparente e participação ativa da comunidade durante toda a evolução da memecoin $TRUMP.\n\nAutor: Cássio Gusson\nAtuo no mercado de cripto desde 2016, não tô rico porque já fui muito \"mão de alface\", mas adoro esse mercado. Já fui minerador de BTC, com as famosas S9 da Bitmain, já tive rig de Ethereum com 6 GForce 1080 (era lindo ver as meninas trabalhando), já atuei em DeFi, Liquidez, já vendi BTC P2P, enfim, amo esse mercado e estou aqui pra somar. Não sei tudo, mas sei um pouco e tamo junto.\n\nSegue minhas Redes Sociais: LinkedIn Instagram\n\nE, se quiser mandar uns trocados pra nós na minha wallet DEFI Bank:\n0x4FF6B438D2c839602954c5D85819f5dcf79DcE0e",
    "category": "Mercado",
    "author": "Terceiros",
    "journalist": "Cassio Gusson",
    "image": "https://i.imgur.com/YpPlB6e.png",
    "id": "1771952728370",
    "date": "2026-02-24"
  },
  {
    "title": "Bitcoin cai novamente e mercado teme queda até US$ 50 mil se suporte falhar",
    "excerpt": "Bitcoin perde suporte de US$ 65 mil, testa US$ 62 mil e enfrenta medo extremo, saída de ETFs e pressão macro global.",
    "content": "O Bitcoin caiu nesta terça-feira após perder o suporte de US$ 65 mil, chegando a testar a região de US$ 62 mil antes de uma leve recuperação. A queda ocorre em meio ao aumento da aversão ao risco global, pressão vendedora elevada e sentimento de medo extremo no mercado. O volume de negociações subiu 28%, indicando forte convicção entre vendedores, enquanto saídas bilionárias de ETFs de Bitcoin nos Estados Unidos reduziram a demanda institucional. Analistas afirmam que o mercado atravessa um ponto decisivo e que a manutenção do suporte atual será crucial para definir a tendência.\n\nEspecialistas apontam que, caso o Bitcoin não consiga recuperar US$ 65 mil, os vendedores podem pressionar o preço para US$ 60 mil e até níveis entre US$ 50 mil e US$ 45 mil. A redução da alavancagem no mercado de derivativos e a fraqueza do cenário macroeconômico global também limitam o potencial de recuperação no curto prazo. Para analistas técnicos, o ativo permanece sob pressão estrutural desde o rompimento observado no fim de 2025, com tendência ainda apontando para possível continuidade das quedas.",
    "category": "Mercado",
    "author": "Parceiro",
    "journalist": "Cassio Gusson",
    "image": "https://picsum.photos/seed/crypto/800/400",
    "id": "1771945933151",
    "date": "2026-02-24"
  },
  {
    "id": "1",
    "title": "DeFi Bank lança novo portal de notícias",
    "excerpt": "Acompanhe as principais atualizações do mercado cripto diretamente no nosso novo portal.",
    "content": "Estamos entusiasmados em anunciar o lançamento do nosso portal de notícias. Aqui você encontrará análises profundas, notícias de última hora e insights sobre o mercado DeFi e cripto em geral.",
    "date": "2026-02-24",
    "author": "Equipe DeFi Bank",
    "category": "Ecossistema",
    "image": "https://picsum.photos/seed/defibank/800/400"
  },
  {
    "id": "1740394000000",
    "title": "Bitcoin atinge nova máxima histórica com adoção institucional",
    "excerpt": "O preço do Bitcoin superou todas as expectativas nesta terça-feira, impulsionado por grandes entradas de ETFs.",
    "content": "O mercado de criptomoedas testemunhou um marco histórico hoje, com o Bitcoin rompendo barreiras de preço significativas. Analistas apontam que a entrada massiva de capital institucional através de ETFs de spot nos EUA é o principal motor por trás desse movimento. \n\nEspecialistas acreditam que este ciclo é diferente dos anteriores devido à maturidade do mercado e à infraestrutura regulatória mais clara.",
    "date": "2026-02-23",
    "author": "Terceiros",
    "journalist": "Ricardo Mendes",
    "category": "Mercado",
    "image": "https://picsum.photos/seed/bitcoin/800/400"
  },
  {
    "id": "1740307600000",
    "title": "Como usar o Cartão DeFi Bank para pagamentos do dia a dia",
    "excerpt": "Aprenda a converter seus lucros em cripto para compras reais usando nosso cartão Visa.",
    "content": "Usar cripto no mundo real nunca foi tão fácil. Com o Cartão DeFi Bank, você pode gastar seus USDT ou outras criptos em qualquer estabelecimento que aceite Visa. \n\nNeste tutorial, mostramos como recarregar seu cartão via Pix e como gerenciar seus limites diretamente pelo app.",
    "date": "2026-02-22",
    "author": "Equipe DeFi Bank",
    "category": "Tutorial",
    "image": "https://picsum.photos/seed/card/800/400"
  }
]